FID,Shape_Leng,Shape_Area,CLC_5ha_20,CLC_2018,CN_A,CN_B,CN_C,CN_D,CN_CxArea
0,1966.288024949999908,82089.511906557396287,112,1,54,70,80,85,6567160.0000000
1,2659.796881289999874,5188.220901473499907,112,1,54,70,80,85,415058.0000000
2,9451.592880840000362,47971.344772489006573,112,1,54,70,80,85,3837710.0000000
3,24875.306109500001185,1110238.118566004559398,112,1,54,70,80,85,88819000.0000000
4,3455.940354849999949,472764.310673675790895,121,1,85,90,92,94,43494300.0000000
5,1651.530014489999985,158860.682569054188207,121,1,85,90,92,94,14615200.0000000
6,1788.968549760000087,36279.676274872930662,141,1,30,55,70,77,2539580.0000000
7,1444.627171529999941,36666.108205739583354,141,1,30,55,70,77,2566630.0000000
8,4717.968241870000384,146806.325605802994687,142,1,54,70,80,85,11744500.0000000
9,3474.397786949999954,274240.147424195776694,142,1,54,70,80,85,21939200.0000000
10,3923.551638739999817,98040.813893854152411,311,3,30,86,70,77,6862860.0000000
11,19363.592369400001189,586853.748360304161906,311,3,30,86,70,77,41079800.0000000
12,1676.467641259999937,75819.768447893322445,311,3,30,86,70,77,5307380.0000000
13,3407.666377609999927,3.143168445650000,311,3,30,86,70,77,220.0220032
14,2996.260183809999944,325379.324750097992364,311,3,30,86,70,77,22776600.0000000
15,2573.064184079999904,138894.965122839174001,311,3,30,86,70,77,9722650.0000000
16,3192.421984890000203,178144.289514404692454,311,3,30,86,70,77,12470100.0000000
17,2792.136211689999982,3583.188335994720092,311,3,30,86,70,77,250823.0000000
18,2454.389061779999793,94274.510378232895164,311,3,30,86,70,77,6599220.0000000
19,133373.450068000005558,3044.751411287760220,311,3,30,86,70,77,213133.0000000
20,5833.073086700000204,213530.710378476651385,312,3,36,70,73,79,15587700.0000000
21,5449.743369529999654,449190.203732117195614,312,3,36,70,73,79,32790900.0000000
22,951.436593724999966,55961.088294769113418,312,3,36,70,73,79,4085160.0000000
23,26963.505583900001511,2241823.095794365275651,312,3,36,70,73,79,163652992.0000000
24,1312.842656230000102,98.230567882949998,313,3,30,55,70,77,6876.1401367
25,1538.555228689999922,63321.324984131148085,313,3,30,55,70,77,4432490.0000000
26,1641.347058029999971,83258.683748149327585,313,3,30,55,70,77,5828110.0000000
27,3452.073098960000152,74754.556378112116363,313,3,30,55,70,77,5232820.0000000
28,1054.829273710000052,60944.907753911793407,313,3,30,55,70,77,4266140.0000000
29,4191.459333140000126,267720.386597618286032,313,3,30,55,70,77,18740400.0000000
30,1702.123657370000046,90564.814885550280451,313,3,30,55,70,77,6339540.0000000
31,1882.728416039999956,56138.870027193646820,313,3,30,55,70,77,3929720.0000000
32,15679.291591100000005,614201.134124078904279,313,3,30,55,70,77,42994100.0000000
33,1624.602725579999969,30159.833836045010685,313,3,30,55,70,77,2111190.0000000
34,4062.486690610000096,70340.233135716145625,313,3,30,55,70,77,4923820.0000000