height,35442240,35442166,35442150,7269,7233,4013
40,4457.722779,43541.73421,41488.23286,14623.74788,46105.25945,9729.211198
35,11155.09297,49611.5317,29430.19449,20740.87723,42901.18828,8410.106137
30,15739.83065,59984.66406,27245.68789,20566.93719,51662.96062,7684.642738
25,0,78260.76767,25912.17288,29558.48682,29413.37852,12864.41434
20,0,44227.17457,23936.22787,28329.44909,16377.79603,8694.146592
15,0,22951.89202,27589.77291,31343.49173,0,8635.720912
10,0,1102.237369,28763.23942,26062.64925,0,1858.8023
5,0,0,10636.62329,13459.01209,0,0
0,0,0,0,0,0,0
